Cout total du credit;1371704.00
Numero;Capital Rembourse;Capital Restant Du;Amortissement;Interet;Mensualite;Cout Total
1;3525.19;996474.81;3333.33;6858.52;1364845.48
2;7062.12;992937.88;3321.58;6858.52;1357986.96
3;10610.85;989389.15;3309.79;6858.52;1351128.44
4;14171.41;985828.59;3297.96;6858.52;1344269.92
5;17743.83;982256.17;3286.10;6858.52;1337411.40
6;21328.16;978671.84;3274.19;6858.52;1330552.88
7;24924.45;975075.55;3262.24;6858.52;1323694.36
8;28532.71;971467.29;3250.25;6858.52;1316835.84
9;32153.01;967846.99;3238.22;6858.52;1309977.32
10;35785.37;964214.63;3226.16;6858.52;1303118.80
11;39429.84;960570.16;3214.05;6858.52;1296260.28
12;43086.46;956913.54;3201.90;6858.52;1289401.76
13;46755.27;953244.73;3189.71;6858.52;1282543.24
14;50436.31;949563.69;3177.48;6858.52;1275684.72
15;54129.62;945870.38;3165.21;6858.52;1268826.20
16;57835.24;942164.76;3152.90;6858.52;1261967.68
17;61553.21;938446.79;3140.55;6858.52;1255109.16
18;65283.57;934716.43;3128.16;6858.52;1248250.64
19;69026.37;930973.63;3115.72;6858.52;1241392.12
20;72781.64;927218.36;3103.25;6858.52;1234533.60
21;76549.44;923450.56;3090.73;6858.52;1227675.08
22;80329.79;919670.21;3078.17;6858.52;1220816.56
23;84122.74;915877.26;3065.57;6858.52;1213958.04
24;87928.34;912071.66;3052.92;6858.52;1207099.52
25;91746.62;908253.38;3040.24;6858.52;1200241.00
26;95577.63;904422.37;3027.51;6858.52;1193382.48
27;99421.40;900578.60;3014.74;6858.52;1186523.96
28;103278.00;896722.00;3001.93;6858.52;1179665.44
29;107147.44;892852.56;2989.07;6858.52;1172806.92
30;111029.79;888970.21;2976.18;6858.52;1165948.40
31;114925.07;885074.93;2963.23;6858.52;1159089.88
32;118833.34;881166.66;2950.25;6858.52;1152231.36
33;122754.64;877245.36;2937.22;6858.52;1145372.84
34;126689.01;873310.99;2924.15;6858.52;1138514.32
35;130636.49;869363.51;2911.04;6858.52;1131655.80
36;134597.13;865402.87;2897.88;6858.52;1124797.28
37;138570.98;861429.02;2884.68;6858.52;1117938.76
38;142558.07;857441.93;2871.43;6858.52;1111080.24
39;146558.45;853441.55;2858.14;6858.52;1104221.72
40;150572.16;849427.84;2844.81;6858.52;1097363.20
41;154599.26;845400.74;2831.43;6858.52;1090504.68
42;158639.77;841360.23;2818.00;6858.52;1083646.16
43;162693.76;837306.24;2804.53;6858.52;1076787.64
44;166761.26;833238.74;2791.02;6858.52;1069929.12
45;170842.32;829157.68;2777.46;6858.52;1063070.60
46;174936.98;825063.02;2763.86;6858.52;1056212.08
47;179045.29;820954.71;2750.21;6858.52;1049353.56
48;183167.29;816832.71;2736.52;6858.52;1042495.04
49;187303.04;812696.96;2722.78;6858.52;1035636.52
50;191452.57;808547.43;2708.99;6858.52;1028778.00
51;195615.93;804384.07;2695.16;6858.52;1021919.48
52;199793.17;800206.83;2681.28;6858.52;1015060.96
53;203984.33;796015.67;2667.36;6858.52;1008202.44
54;208189.47;791810.53;2653.39;6858.52;1001343.92
55;212408.62;787591.38;2639.37;6858.52;994485.40
56;216641.83;783358.17;2625.30;6858.52;987626.88
57;220889.16;779110.84;2611.19;6858.52;980768.36
58;225150.64;774849.36;2597.04;6858.52;973909.84
59;229426.33;770573.67;2582.83;6858.52;967051.32
60;233716.27;766283.73;2568.58;6858.52;960192.80
61;238020.51;761979.49;2554.28;6858.52;953334.28
62;242339.10;757660.90;2539.93;6858.52;946475.76
63;246672.09;753327.91;2525.54;6858.52;939617.24
64;251019.51;748980.49;2511.09;6858.52;932758.72
65;255381.43;744618.57;2496.60;6858.52;925900.20
66;259757.89;740242.11;2482.06;6858.52;919041.68
67;264148.94;735851.06;2467.47;6858.52;912183.16
68;268554.62;731445.38;2452.84;6858.52;905324.64
69;272974.99;727025.01;2438.15;6858.52;898466.12
70;277410.09;722589.91;2423.42;6858.52;891607.60
71;281859.98;718140.02;2408.63;6858.52;884749.08
72;286324.70;713675.30;2393.80;6858.52;877890.56
73;290804.30;709195.70;2378.92;6858.52;871032.04
74;295298.84;704701.16;2363.99;6858.52;864173.52
75;299808.35;700191.65;2349.00;6858.52;857315.00
76;304332.90;695667.10;2333.97;6858.52;850456.48
77;308872.53;691127.47;2318.89;6858.52;843597.96
78;313427.29;686572.71;2303.76;6858.52;836739.44
79;317997.24;682002.76;2288.58;6858.52;829880.92
80;322582.41;677417.59;2273.34;6858.52;823022.40
81;327182.87;672817.13;2258.06;6858.52;816163.88
82;331798.67;668201.33;2242.72;6858.52;809305.36
83;336429.85;663570.15;2227.34;6858.52;802446.84
84;341076.47;658923.53;2211.90;6858.52;795588.32
85;345738.58;654261.42;2196.41;6858.52;788729.80
86;350416.23;649583.77;2180.87;6858.52;781871.28
87;355109.47;644890.53;2165.28;6858.52;775012.76
88;359818.35;640181.65;2149.64;6858.52;768154.24
89;364542.94;635457.06;2133.94;6858.52;761295.72
90;369283.27;630716.73;2118.19;6858.52;754437.20
91;374039.40;625960.60;2102.39;6858.52;747578.68
92;378811.38;621188.62;2086.54;6858.52;740720.16
93;383599.27;616400.73;2070.63;6858.52;733861.64
94;388403.12;611596.88;2054.67;6858.52;727003.12
95;393222.99;606777.01;2038.66;6858.52;720144.60
96;398058.92;601941.08;2022.59;6858.52;713286.08
97;402910.97;597089.03;2006.47;6858.52;706427.56
98;407779.19;592220.81;1990.30;6858.52;699569.04
99;412663.64;587336.36;1974.07;6858.52;692710.52
100;417564.37;582435.63;1957.79;6858.52;685852.00
101;422481.44;577518.56;1941.45;6858.52;678993.48
102;427414.90;572585.10;1925.06;6858.52;672134.96
103;432364.80;567635.20;1908.62;6858.52;665276.44
104;437331.20;562668.80;1892.12;6858.52;658417.92
105;442314.16;557685.84;1875.56;6858.52;651559.40
106;447313.73;552686.27;1858.95;6858.52;644700.88
107;452329.96;547670.04;1842.29;6858.52;637842.36
108;457362.91;542637.09;1825.57;6858.52;630983.84
109;462412.64;537587.36;1808.79;6858.52;624125.32
110;467479.21;532520.79;1791.96;6858.52;617266.80
111;472562.66;527437.34;1775.07;6858.52;610408.28
112;477663.05;522336.95;1758.12;6858.52;603549.76
113;482780.45;517219.55;1741.12;6858.52;596691.24
114;487914.90;512085.10;1724.07;6858.52;589832.72
115;493066.47;506933.53;1706.95;6858.52;582974.20
116;498235.22;501764.78;1689.78;6858.52;576115.68
117;503421.19;496578.81;1672.55;6858.52;569257.16
118;508624.44;491375.56;1655.26;6858.52;562398.64
119;513845.04;486154.96;1637.92;6858.52;555540.12
120;519083.05;480916.95;1620.52;6858.52;548681.60
121;524338.51;475661.49;1603.06;6858.52;541823.08
122;529611.49;470388.51;1585.54;6858.52;534964.56
123;534902.05;465097.95;1567.96;6858.52;528106.04
124;540210.25;459789.75;1550.33;6858.52;521247.52
125;545536.13;454463.87;1532.63;6858.52;514389.00
126;550879.77;449120.23;1514.88;6858.52;507530.48
127;556241.23;443758.77;1497.07;6858.52;500671.96
128;561620.55;438379.45;1479.20;6858.52;493813.44
129;567017.81;432982.19;1461.26;6858.52;486954.92
130;572433.05;427566.95;1443.27;6858.52;480096.40
131;577866.35;422133.65;1425.22;6858.52;473237.88
132;583317.76;416682.24;1407.11;6858.52;466379.36
133;588787.33;411212.67;1388.94;6858.52;459520.84
134;594275.15;405724.85;1370.71;6858.52;452662.32
135;599781.25;400218.75;1352.42;6858.52;445803.80
136;605305.71;394694.29;1334.06;6858.52;438945.28
137;610848.58;389151.42;1315.65;6858.52;432086.76
138;616409.93;383590.07;1297.17;6858.52;425228.24
139;621989.81;378010.19;1278.63;6858.52;418369.72
140;627588.30;372411.70;1260.03;6858.52;411511.20
141;633205.45;366794.55;1241.37;6858.52;404652.68
142;638841.32;361158.68;1222.65;6858.52;397794.16
143;644495.98;355504.02;1203.86;6858.52;390935.64
144;650169.48;349830.52;1185.01;6858.52;384077.12
145;655861.90;344138.10;1166.10;6858.52;377218.60
146;661573.30;338426.70;1147.13;6858.52;370360.08
147;667303.73;332696.27;1128.09;6858.52;363501.56
148;673053.26;326946.74;1108.99;6858.52;356643.04
149;678821.96;321178.04;1089.82;6858.52;349784.52
150;684609.88;315390.12;1070.59;6858.52;342926.00
151;690417.10;309582.90;1051.30;6858.52;336067.48
152;696243.68;303756.32;1031.94;6858.52;329208.96
153;702089.68;297910.32;1012.52;6858.52;322350.44
154;707955.16;292044.84;993.03;6858.52;315491.92
155;713840.20;286159.80;973.48;6858.52;308633.40
156;719744.86;280255.14;953.87;6858.52;301774.88
157;725669.19;274330.81;934.18;6858.52;294916.36
158;731613.28;268386.72;914.44;6858.52;288057.84
159;737577.17;262422.83;894.62;6858.52;281199.32
160;743560.95;256439.05;874.74;6858.52;274340.80
161;749564.67;250435.33;854.80;6858.52;267482.28
162;755588.41;244411.59;834.78;6858.52;260623.76
163;761632.22;238367.78;814.71;6858.52;253765.24
164;767696.18;232303.82;794.56;6858.52;246906.72
165;773780.36;226219.64;774.35;6858.52;240048.20
166;779884.81;220115.19;754.07;6858.52;233189.68
167;786009.62;213990.38;733.72;6858.52;226331.16
168;792154.83;207845.17;713.30;6858.52;219472.64
169;798320.54;201679.46;692.82;6858.52;212614.12
170;804506.79;195493.21;672.26;6858.52;205755.60
171;810713.67;189286.33;651.64;6858.52;198897.08
172;816941.23;183058.77;630.95;6858.52;192038.56
173;823189.56;176810.44;610.20;6858.52;185180.04
174;829458.71;170541.29;589.37;6858.52;178321.52
175;835748.76;164251.24;568.47;6858.52;171463.00
176;842059.77;157940.23;547.50;6858.52;164604.48
177;848391.83;151608.17;526.47;6858.52;157745.96
178;854744.99;145255.01;505.36;6858.52;150887.44
179;861119.32;138880.68;484.18;6858.52;144028.92
180;867514.91;132485.09;462.94;6858.52;137170.40
181;873931.81;126068.19;441.62;6858.52;130311.88
182;880370.10;119629.90;420.23;6858.52;123453.36
183;886829.86;113170.14;398.77;6858.52;116594.84
184;893311.14;106688.86;377.23;6858.52;109736.32
185;899814.03;100185.97;355.63;6858.52;102877.80
186;906338.60;93661.40;333.95;6858.52;96019.28
187;912884.92;87115.08;312.20;6858.52;89160.76
188;919453.05;80546.95;290.38;6858.52;82302.24
189;926043.08;73956.92;268.49;6858.52;75443.72
190;932655.08;67344.92;246.52;6858.52;68585.20
191;939289.12;60710.88;224.48;6858.52;61726.68
192;945945.27;54054.73;202.37;6858.52;54868.16
193;952623.60;47376.40;180.18;6858.52;48009.64
194;959324.20;40675.80;157.92;6858.52;41151.12
195;966047.14;33952.86;135.59;6858.52;34292.60
196;972792.48;27207.52;113.18;6858.52;27434.08
197;979560.31;20439.69;90.69;6858.52;20575.56
198;986350.70;13649.30;68.13;6858.52;13717.04
199;993163.72;6836.28;45.50;6858.52;6858.52
200;1000000.00;0.00;22.79;6858.52;-0.00
